1,The Nightmare Before Christmas,1993,3.9,4568
2,The Mummy,1932,3.5,4388
3,Orphans of the Storm,1921,3.2,9062
4,The Object of Beauty,1991,2.8,6150
5,Night Tide,1963,2.8,5126
6,One Magic Christmas,1985,3.8,5333
7,Muriel's Wedding,1994,3.5,6323
8,Mother's Boys,1994,3.4,5733
9,Nosferatu: Original Version,1929,3.5,5651
10,Nick of Time,1995,3.4,5333
11,Broken Blossoms,1919,3.3,5367
12,Big Night,1996,3.6,6561
13,The Birth of a Nation,1915,2.9,12118
14,The Boys from Brazil,1978,3.6,7417
15,Big Doll House,1971,2.9,5696
16,The Breakfast Club,1985,4.0,5823
17,The Bride of Frankenstein,1935,3.7,4485
18,Beautiful Girls,1996,3.5,6755
19,Bustin' Loose,1981,3.7,5598
20,The Beguiled,1971,3.4,6307