SourceTable,Partitionkey,Mappers,HiveDB,HiveTable,Username,Password,Connection,Password_file_path,Column,Where,TargetTable,GenericInformation
RAZ_MART.DT_PROD_DIM,NULL,5,consumer_cpwmbio,RAZ_MART_DT_PROD_DIM_parq,U4LWSFW0,pdoa.password.alias,jdbc:db2://bidb.suntrust.com:50000/dpd01cdw,jceks://hdfs/user/U4LWSFW0/pdoa.password.jceks,ALL,NULL,/user/U4LWSFW0/FPO_LOAD/RAZ_MART.DT_PROD_DIM,
RAZ_MART.DT_EMP_DIM,NULL,1,consumer_cpwmbio,RAZ_MART_DT_EMP_DIM_parq,U4LWSFW0,pdoa.password.alias,jdbc:db2://bidb.suntrust.com:50000/dpd01cdw,jceks://hdfs/user/U4LWSFW0/pdoa.password.jceks,ALL,NULL,/user/U4LWSFW0/FPO_LOAD/RAZ_MART.DT_EMP_DIM,
RAZ_MART.DT_GEO_DIM,NULL,1,consumer_cpwmbio,RAZ_MART_DT_GEO_DIM_parq,U4LWSFW0,pdoa.password.alias,jdbc:db2://bidb.suntrust.com:50000/dpd01cdw,jceks://hdfs/user/U4LWSFW0/pdoa.password.jceks,ALL,NULL,/user/U4LWSFW0/FPO_LOAD/RAZ_MART.DT_GEO_DIM,
RAZ_SRC.T_SESS_DTL,REFR_INIT_DT ,10,consumer_cpwmbio,RAZ_SRC_T_SESS_DTL_parq,U4LWSFW0,pdoa.password.alias,jdbc:db2://bidb.suntrust.com:50000/dpd01cdw,jceks://hdfs/user/U4LWSFW0/pdoa.password.jceks,ALL,REFR_INIT_DT > '2017-01-01' ,/user/U4LWSFW0/FPO_LOAD/RAZ_SRC.T_SESS_DTL,
RAZ_SRC.T_REFR_DTL,REFR_INIT_DT ,10,consumer_cpwmbio,RAZ_SRC_T_REFR_DTL_parq,U4LWSFW0,pdoa.password.alias,jdbc:db2://bidb.suntrust.com:50000/dpd01cdw,jceks://hdfs/user/U4LWSFW0/pdoa.password.jceks,ALL,REFR_INIT_DT > '2017-01-01' ,/user/U4LWSFW0/FPO_LOAD/RAZ_SRC.T_REFR_DTL,
RDX_STG_ACAPS.QACAPI10,APP_DATE_ENTERED_SYSTEM ,10,consumer_cpwmbio,RDX_STG_ACAPS_QACAPI10_parq,U4LWSFW0,pdoa.password.alias,jdbc:db2://bidb.suntrust.com:50000/dpd01cdw,jceks://hdfs/user/U4LWSFW0/pdoa.password.jceks,ALL,APP_DATE_ENTERED_SYSTEM > '20170101',/user/U4LWSFW0/FPO_LOAD/RDX_STG_ACAPS_QACAPI10,
