SourceTable,Partitionkey,Mappers,HiveDB,HiveTable,Username,Password,Connection,Password_file_path,Column,Where,TargetTable,GenericInformation
FPO.DT_RELAT,curr_flg,10,consumer_cpwmbio,FPO_DT_RELAT_parq,U4LWSFW0,pdoa.password.alias,jdbc:db2://bidb.suntrust.com:50000/dpd01cdw,jceks://hdfs/user/U4LWSFW0/pdoa.password.jceks,ALL,curr_flg='Y',/user/U4LWSFW0/FPO_LOAD/FPO_DT_RELAT,
FPO.DT_ACCT,SRC_CD,10,consumer_cpwmbio,FPO_DT_ACCT_parq,U4LWSFW0,pdoa.password.alias,jdbc:db2://bidb.suntrust.com:50000/dpd01cdw,jceks://hdfs/user/U4LWSFW0/pdoa.password.jceks,ALL,SRC_CD='T3K',/user/U4LWSFW0/FPO_LOAD/FPO_DT_ACCT,
FPO.RT_ACCT_RELAT_MAP,SRC_CD,10,consumer_cpwmbio,FPO_RT_ACCT_RELAT_MAP_parq,U4LWSFW0,pdoa.password.alias,jdbc:db2://bidb.suntrust.com:50000/dpd01cdw,jceks://hdfs/user/U4LWSFW0/pdoa.password.jceks,ALL,SRC_CD in ('T3K';'FASCORE';'FasCore'),/user/U4LWSFW0/FPO_LOAD/FPO_RT_ACCT_RELAT_MAP,
FPO.FT_SUMMIT_VIEW_UTLZ_CLT_AGGR,TM_ID,10,consumer_cpwmbio,FPO_FT_SUMMIT_VIEW_UTLZ_CLT_AGGR_parq,U4LWSFW0,pdoa.password.alias,jdbc:db2://bidb.suntrust.com:50000/dpd01cdw,jceks://hdfs/user/U4LWSFW0/pdoa.password.jceks,ALL,TM_ID IN ('20160531';'20160630';'20160731';'20160831';'20160930';'20161031';'20161130';'20161231';'20170131';'20170228';'20170331';'20170430';'20170531'),/user/U4LWSFW0/FPO_LOAD/FPO.FT_SUMMIT_VIEW_UTLZ_CLT_AGGR,
FPO.FT_SEI_NET_ASSET_FLOW_ACCT,tm_id,10,consumer_cpwmbio,FPO_FT_SEI_NET_ASSET_FLOW_ACCT_parq,U4LWSFW0,pdoa.password.alias,jdbc:db2://bidb.suntrust.com:50000/dpd01cdw,jceks://hdfs/user/U4LWSFW0/pdoa.password.jceks,ALL,tm_id>='20160501',/user/U4LWSFW0/FPO_LOAD/FPO.FT_SEI_NET_ASSET_FLOW_ACCT,
FPO.FT_RELAT_MTH A;FPO.DT_RELAT B,curr_flg,1,consumer_cpwmbio,FPO_FT_RELAT_MTH_parq,U4LWSFW0,pdoa.password.alias,jdbc:db2://bidb.suntrust.com:50000/dpd01cdw,jceks://hdfs/user/U4LWSFW0/pdoa.password.jceks,A.ALL,A.RELAT_ID=B.RELAT_ID AND TM_ID >='20160501' AND B.CURR_FLG='Y',/user/U4LWSFW0/FPO_LOAD/FPO_FT_RELAT_MTH,
FPO.RT_INSITE_TEAM,NULL,5,consumer_cpwmbio,FPO_RT_INSITE_TEAM_parq,U4LWSFW0,pdoa.password.alias,jdbc:db2://bidb.suntrust.com:50000/dpd01cdw,jceks://hdfs/user/U4LWSFW0/pdoa.password.jceks,ALL,NULL,/user/U4LWSFW0/FPO_LOAD/FPO_RT_INSITE_TEAM,
FPO.FT_SUMMIT_VIEW_UTLZ_ADVS_AGGR,NULL,5,consumer_cpwmbio,FPO_FT_SUMMIT_VIEW_UTLZ_ADVS_AGGR_parq,U4LWSFW0,pdoa.password.alias,jdbc:db2://bidb.suntrust.com:50000/dpd01cdw,jceks://hdfs/user/U4LWSFW0/pdoa.password.jceks,ALL,NULL,/user/U4LWSFW0/FPO_LOAD/FPO_FT_SUMMIT_VIEW_UTLZ_ADVS_AGGR,
FPO.RT_ACCT_TO_CLT_ID,NULL,5,consumer_cpwmbio,FPO_RT_ACCT_TO_CLT_ID_parq,U4LWSFW0,pdoa.password.alias,jdbc:db2://bidb.suntrust.com:50000/dpd01cdw,jceks://hdfs/user/U4LWSFW0/pdoa.password.jceks,ALL,NULL,/user/U4LWSFW0/FPO_LOAD/FPO.RT_ACCT_TO_CLT_ID,
FPO.RT_SECR_TY_CD,NULL,5,consumer_cpwmbio,FPO_RT_SECR_TY_CD_parq,U4LWSFW0,pdoa.password.alias,jdbc:db2://bidb.suntrust.com:50000/dpd01cdw,jceks://hdfs/user/U4LWSFW0/pdoa.password.jceks,ALL,NULL,/user/U4LWSFW0/FPO_LOAD/FPO.RT_SECR_TY_CD,
FPO.RT_SECR_CLS,NULL,5,consumer_cpwmbio,FPO_RT_SECR_CLS_parq,U4LWSFW0,pdoa.password.alias,jdbc:db2://bidb.suntrust.com:50000/dpd01cdw,jceks://hdfs/user/U4LWSFW0/pdoa.password.jceks,ALL,NULL,/user/U4LWSFW0/FPO_LOAD/FPO_RT_SECR_CLS,
